epoch,time,train/box_loss,train/cls_loss,train/dfl_loss,metrics/precision(B),metrics/recall(B),metrics/mAP50(B),metrics/mAP50-95(B),val/box_loss,val/cls_loss,val/dfl_loss,lr/pg0,lr/pg1,lr/pg2
1,82.4379,1.0854,2.35593,1.49058,0.5649,0.59465,0.58793,0.36257,1.41229,3.09127,2.06986,0.000552773,0.000552773,0.000552773
2,151.543,1.27882,1.93017,1.61414,0.21123,0.31663,0.24176,0.11559,1.90016,2.41629,2.44097,0.00109747,0.00109747,0.00109747
3,187.884,1.34379,1.78784,1.67468,0.51404,0.44445,0.41084,0.17935,1.71557,2.12541,2.21283,0.00163116,0.00163116,0.00163116
4,220.088,1.33399,1.6765,1.63964,0.55404,0.33418,0.40142,0.22652,1.4854,1.92282,1.96471,0.00161749,0.00161749,0.00161749
